Hilly University,Financial Aid Bill,Stairs,flu
The Mall,American Hawk,Mall Cop,Ball Plaurt
Winter Wonderland,Snowan Eater,Vanilla Ice,Yeti
Volcano,Lava Girl,Red Hot Chili Peppers,
Sky,Attack Helicopter,Bla-cout (Heli),U.C. Heliopter
The Flinstone's Cave,Wilma,Dragon,Bed Rock
Under the Sea,SquarPantis,David Hasselhoff,Mr.what zit tooya
Forest,Small Woodland Creature,Smokey the Bear,Tree Ants
Desert,Da rude Sandstorm,Cactuses,Danger Noodle
Haunted House,The Ghost of Matias,Shaved Barbie Dolls,Headless Horsemen
